{"ct":{"0":44,"1":89,"2":11,"3":43,"4":2,"5":2},"pos":[89,8,80,39.39325842696629],"dos":[11,10,150,45.90909090909091],"rs":{"macys":{"0":[14,0,0,0],"1":[71,10,80,41.40845070422535],"2":[8,10,50,16.25],"3":[5,0,0,0],"4":[2,0,0,0]},"nordstrom":{"0":[30,0,0,0],"1":[14,10,50,34.5],"2":[2,75,150,112.5],"3":[34,0,0,0],"5":[2,0,0,0]},"nike":{"1":[4,8,40,20.75],"2":[1,150,150,150],"3":[4,0,0,0]}}}